{
  "0.025eV": {
    "spearman_truth": 0.40502888064318315,
    "spearman_gen": 0.4610330879829272,
    "mi_truth": 0.26548216707579725,
    "mi_gen": 0.30113882119673413,
    "map_pearson_Etotal": 0.936290101487414
  },
  "1eV": {
    "spearman_truth": 0.32897988557897456,
    "spearman_gen": 0.33964671485887793,
    "mi_truth": 0.2134431966225806,
    "mi_gen": 0.20229185155307122,
    "map_pearson_Etotal": 0.962893793433193
  },
  "1keV": {
    "spearman_truth": 0.28896587397232715,
    "spearman_gen": 0.2685903818738503,
    "mi_truth": 0.3719843761129643,
    "mi_gen": 0.34713446348746396,
    "map_pearson_Etotal": 0.9567076666276662
  },
  "100keV": {
    "spearman_truth": 0.08600829858175457,
    "spearman_gen": 0.07680632345536029,
    "mi_truth": 0.17678800484042265,
    "mi_gen": 0.16626601423928308,
    "map_pearson_Etotal": 0.9890745049467853
  },
  "1MeV": {
    "spearman_truth": 0.016752196412754553,
    "spearman_gen": 0.008545903301906866,
    "mi_truth": 0.08798363065025856,
    "mi_gen": 0.08984596964680151,
    "map_pearson_Etotal": 0.9993368231696267
  },
  "5MeV": {
    "spearman_truth": -0.031751897968764646,
    "spearman_gen": -0.04232053981348002,
    "mi_truth": 0.025781053788337595,
    "mi_gen": 0.031159276979343474,
    "map_pearson_Etotal": 0.9984998051261289
  },
  "14.1MeV": {
    "spearman_truth": -0.08791173916377043,
    "spearman_gen": -0.10047793564031189,
    "mi_truth": 0.017456249656969,
    "mi_gen": 0.027182697623873216,
    "map_pearson_Etotal": 0.9985772341156801
  }
}