{
  "0.025eV": {
    "z_centers": [
      -29.0,
      -27.0,
      -25.0,
      -23.0,
      -21.0,
      -19.0,
      -17.0,
      -15.0,
      -13.0,
      -11.0,
      -9.0,
      -7.0,
      -5.0,
      -3.0,
      -1.0,
      1.0,
      3.0,
      5.0,
      7.0,
      9.0,
      11.0,
      13.0,
      15.0,
      17.0,
      19.0,
      21.0,
      23.0,
      25.0,
      27.0,
      29.0
    ],
    "truth": null,
    "gen": {
      "E_mean_z": [
        0.011535859029428358,
        0.025116939591727953,
        0.03170646949537789,
        0.03850256382775966,
        0.0318597210060038,
        0.03518129491812716,
        0.03944240060672753,
        0.04249513078697333,
        0.031075752981132482,
        0.03369740776774794,
        0.03118103620531153,
        0.03671652382498041,
        0.028435321890367855,
        0.03148684844935645,
        0.03384017147513287,
        0.02404019955226128,
        0.03366764731157175,
        0.041123360247475156,
        0.030927540050155446,
        0.04563224391729433,
        0.027830223589709987,
        0.037040200723250954,
        0.019496056544951335,
        0.025238268405591954,
        0.043364179516014276,
        0.031318211767711546,
        0.0290536086986008,
        0.01663578367483484,
        0.006278891725462297,
        0.0194591550636721
      ],
      "E_std_z": [
        2.9170104250680895,
        3.284464088409919,
        3.0392184022182915,
        2.5198172295499845,
        2.205812765600439,
        1.7207340164842033,
        1.5228154543569306,
        1.3021085269426136,
        1.3698570139895248,
        1.3502995843616261,
        1.295951630884998,
        1.2692446306097596,
        1.2773492293712765,
        1.3055462380508922,
        1.1089172295678247,
        1.3514743233000817,
        1.1691304462443122,
        1.3262940161455101,
        1.2832241429738231,
        1.3505322450686466,
        1.2750850874043425,
        1.251570222839829,
        1.1179681874182106,
        1.2533283872636676,
        1.3924201840602812,
        1.0029577174508433,
        1.0564719284340747,
        1.0803549756135646,
        1.2565586628075383,
        1.04006540789131
      ],
      "N_hits_z": [
        11178,
        4987,
        3223,
        2245,
        1209,
        1097,
        904,
        745,
        555,
        545,
        521,
        441,
        388,
        295,
        260,
        180,
        168,
        153,
        78,
        66,
        63,
        70,
        63,
        50,
        34,
        32,
        29,
        17,
        13,
        27
      ]
    }
  },
  "1eV": {
    "z_centers": [
      -29.0,
      -27.0,
      -25.0,
      -23.0,
      -21.0,
      -19.0,
      -17.0,
      -15.0,
      -13.0,
      -11.0,
      -9.0,
      -7.0,
      -5.0,
      -3.0,
      -1.0,
      1.0,
      3.0,
      5.0,
      7.0,
      9.0,
      11.0,
      13.0,
      15.0,
      17.0,
      19.0,
      21.0,
      23.0,
      25.0,
      27.0,
      29.0
    ],
    "truth": null,
    "gen": {
      "E_mean_z": [
        0.015147095853414066,
        0.02155814741937976,
        0.026265773883002844,
        0.03264312274477158,
        0.03551627484365848,
        0.03641568878347328,
        0.03320043239162033,
        0.03439481926183722,
        0.033555569182955984,
        0.037025029598661933,
        0.029922143509676855,
        0.029238539804516846,
        0.027831590797694757,
        0.02797650511418491,
        0.023439878233889627,
        0.0319709485271948,
        0.024415509071251944,
        0.023272939113325574,
        0.028839491929510738,
        0.01898150108951982,
        0.034290558765128126,
        0.02004896400141972,
        0.013183539979635998,
        0.010054916348873835,
        0.014064427819764407,
        0.013610760601242125,
        0.009993545250576321,
        0.02304515241939953,
        0.012037300854564436,
        0.04310860940401924
      ],
      "E_std_z": [
        3.07204835573134,
        3.25200345269673,
        3.1391889190369926,
        2.7662722894279326,
        2.3619505010164215,
        2.0359823289599004,
        1.7468043392829513,
        1.5069655977070147,
        1.3043004849451298,
        1.241694512066357,
        1.200443561624152,
        1.2495234047689634,
        1.3093304774671903,
        1.322929863141876,
        1.2818727065766617,
        1.2986103265768394,
        1.2332231700787575,
        1.2413868007661222,
        1.2512912778220506,
        1.3956226293333722,
        1.3249775098530738,
        1.426740526576126,
        1.3458240790224594,
        1.3439325786627534,
        1.3179866253128827,
        1.184133291877259,
        1.2294911721791892,
        1.3562422478403398,
        1.0163703506716932,
        1.2637113808791198
      ],
      "N_hits_z": [
        16053,
        12997,
        7792,
        5292,
        3288,
        2193,
        1791,
        1367,
        1154,
        980,
        679,
        553,
        439,
        327,
        276,
        389,
        193,
        189,
        259,
        136,
        167,
        111,
        89,
        56,
        36,
        34,
        14,
        15,
        19,
        37
      ]
    }
  },
  "1keV": {
    "z_centers": [
      -29.0,
      -27.0,
      -25.0,
      -23.0,
      -21.0,
      -19.0,
      -17.0,
      -15.0,
      -13.0,
      -11.0,
      -9.0,
      -7.0,
      -5.0,
      -3.0,
      -1.0,
      1.0,
      3.0,
      5.0,
      7.0,
      9.0,
      11.0,
      13.0,
      15.0,
      17.0,
      19.0,
      21.0,
      23.0,
      25.0,
      27.0,
      29.0
    ],
    "truth": null,
    "gen": {
      "E_mean_z": [
        0.006380638447448054,
        0.014017112537975543,
        0.021539606038456654,
        0.02857573927623432,
        0.03180024656698137,
        0.03597876220088764,
        0.035119230255732777,
        0.039358497875980114,
        0.03596234127917265,
        0.033073951344437566,
        0.03080490801229443,
        0.031548109102313496,
        0.03544781825948168,
        0.029511015646422077,
        0.024478107825964907,
        0.02307327809654167,
        0.026244002509956264,
        0.030101038703583584,
        0.024363517617131458,
        0.03092172778164069,
        0.03456864879867843,
        0.018763559336278247,
        0.024244547682665468,
        0.014734137914359504,
        0.017239968057636893,
        0.024114769724788362,
        0.01035803091587392,
        0.013934071330983415,
        0.02263580854225893,
        0.021881283868186493
      ],
      "E_std_z": [
        1.9726597421452052,
        2.7373341016269146,
        3.119223775690396,
        2.9969765294787325,
        2.6483962617659547,
        2.140239214550381,
        1.6985830335162353,
        1.4223313080188646,
        1.4034474284481075,
        1.4168811059812347,
        1.4234860203240587,
        1.3142411940418206,
        1.243348930547016,
        1.244266900726756,
        1.2680600294430193,
        1.3772899592763932,
        1.4176812035969986,
        1.3659681861720476,
        1.242187392509481,
        1.2765772329748075,
        1.349649006004634,
        1.1469361708916452,
        1.2177583569944639,
        1.3478743540097338,
        1.352385808438175,
        1.1932298339335328,
        1.3862538723002928,
        1.1583656308241808,
        1.4263195280646566,
        1.1605181585266104
      ],
      "N_hits_z": [
        37326,
        21145,
        11135,
        6798,
        4289,
        3205,
        2624,
        2051,
        1634,
        1213,
        910,
        804,
        801,
        628,
        417,
        299,
        321,
        266,
        301,
        244,
        224,
        175,
        169,
        123,
        99,
        77,
        45,
        34,
        40,
        65
      ]
    }
  },