{
  "0.025eV": {
    "spearman_truth": 0.40502888064318315,
    "spearman_gen": 0.469313710633703,
    "mi_truth": 0.26548216707579725,
    "mi_gen": 0.3124755371145085,
    "map_pearson_Etotal": 0.9027342080198472,
    "pearson_emean_z": 0.4929511678383552,
    "pearson_estd_z": 0.9342563048042645,
    "estd_ratio_mean": 0.9868365618758582
  },
  "1eV": {
    "spearman_truth": 0.32897988557897456,
    "spearman_gen": 0.34379474931833737,
    "mi_truth": 0.2134431966225806,
    "mi_gen": 0.2137017927845215,
    "map_pearson_Etotal": 0.9468794530799535,
    "pearson_emean_z": 0.3909414630497374,
    "pearson_estd_z": 0.9673772030890807,
    "estd_ratio_mean": 0.9973784163586858
  },
  "1keV": {
    "spearman_truth": 0.28896587397232715,
    "spearman_gen": 0.2791512015752198,
    "mi_truth": 0.3719843761129643,
    "mi_gen": 0.35741802691253505,
    "map_pearson_Etotal": 0.9223936604568665,
    "pearson_emean_z": 0.5642108558960675,
    "pearson_estd_z": 0.9791701498953238,
    "estd_ratio_mean": 1.0210342610496714
  },
  "100keV": {
    "spearman_truth": 0.08600829858175457,
    "spearman_gen": 0.09089352852381566,
    "mi_truth": 0.17678800484042265,
    "mi_gen": 0.17128231909318564,
    "map_pearson_Etotal": 0.9851494067498894,
    "pearson_emean_z": 0.4383749233811419,
    "pearson_estd_z": 0.9747271840860217,
    "estd_ratio_mean": 1.008219206448597
  },
  "1MeV": {
    "spearman_truth": 0.016752196412754553,
    "spearman_gen": 0.015872720851257613,
    "mi_truth": 0.08798363065025856,
    "mi_gen": 0.09551465839060846,
    "map_pearson_Etotal": 0.9987783406312171,
    "pearson_emean_z": 0.8135038861894456,
    "pearson_estd_z": 0.9819782304247732,
    "estd_ratio_mean": 0.9703682141762104
  },
  "5MeV": {
    "spearman_truth": -0.031751897968764646,
    "spearman_gen": -0.026568781283059274,
    "mi_truth": 0.025781053788337595,
    "mi_gen": 0.026795974521583207,
    "map_pearson_Etotal": 0.9984749089117109,
    "pearson_emean_z": 0.982477599423154,
    "pearson_estd_z": 0.7991978138354572,
    "estd_ratio_mean": 0.9625697612676818
  },
  "14.1MeV": {
    "spearman_truth": -0.08791173916377043,
    "spearman_gen": -0.09355990005052923,
    "mi_truth": 0.017456249656969,
    "mi_gen": 0.022743591277306865,
    "map_pearson_Etotal": 0.9958096726830855,
    "pearson_emean_z": 0.9704456199940603,
    "pearson_estd_z": 0.9109408859427776,
    "estd_ratio_mean": 0.9941769524158146
  }
}