{
  "0.025eV": {
    "spearman_truth": 0.40502888064318315,
    "spearman_gen": 0.4680819992501876,
    "mi_truth": 0.26548216707579725,
    "mi_gen": 0.3061479705690333,
    "map_pearson_Etotal": 0.8615029899868654,
    "pearson_emean_z": 0.23243339940046678,
    "pearson_estd_z": 0.9145454500980618,
    "estd_ratio_mean": 0.9767713229490917
  },
  "1eV": {
    "spearman_truth": 0.32897988557897456,
    "spearman_gen": 0.34164337596949285,
    "mi_truth": 0.2134431966225806,
    "mi_gen": 0.2024626278144913,
    "map_pearson_Etotal": 0.9374337925676185,
    "pearson_emean_z": 0.5351049075468784,
    "pearson_estd_z": 0.9487898131105247,
    "estd_ratio_mean": 0.9889509900288802
  },
  "1keV": {
    "spearman_truth": 0.28896587397232715,
    "spearman_gen": 0.28641371370077995,
    "mi_truth": 0.3719843761129643,
    "mi_gen": 0.35411111952008134,
    "map_pearson_Etotal": 0.9421315090186226,
    "pearson_emean_z": 0.7185077341839339,
    "pearson_estd_z": 0.9849675284939932,
    "estd_ratio_mean": 1.005902908776956
  },
  "100keV": {
    "spearman_truth": 0.08600829858175457,
    "spearman_gen": 0.08829311050745482,
    "mi_truth": 0.17678800484042265,
    "mi_gen": 0.15913923065320792,
    "map_pearson_Etotal": 0.985805708148035,
    "pearson_emean_z": 0.524477765509058,
    "pearson_estd_z": 0.9576411251269198,
    "estd_ratio_mean": 0.9976393695673746
  },
  "1MeV": {
    "spearman_truth": 0.016752196412754553,
    "spearman_gen": 0.02249858840353077,
    "mi_truth": 0.08798363065025856,
    "mi_gen": 0.09414268436802695,
    "map_pearson_Etotal": 0.9968979952881695,
    "pearson_emean_z": 0.8815533576628363,
    "pearson_estd_z": 0.9488419347504189,
    "estd_ratio_mean": 0.9666950611616963
  },
  "5MeV": {
    "spearman_truth": -0.031751897968764646,
    "spearman_gen": -0.021989930599977954,
    "mi_truth": 0.025781053788337595,
    "mi_gen": 0.031106957609782472,
    "map_pearson_Etotal": 0.9959720908534498,
    "pearson_emean_z": 0.9813648447026938,
    "pearson_estd_z": 0.5820943242165364,
    "estd_ratio_mean": 0.8947151692503197
  },
  "14.1MeV": {
    "spearman_truth": -0.08791173916377043,
    "spearman_gen": -0.09595688979828627,
    "mi_truth": 0.017456249656969,
    "mi_gen": 0.024443808537514825,
    "map_pearson_Etotal": 0.9955352107549599,
    "pearson_emean_z": 0.9626515059286016,
    "pearson_estd_z": 0.8421161413182762,
    "estd_ratio_mean": 0.9850534871863765
  }
}