{
  "0.025eV": {
    "z_centers": [
      -29.0,
      -27.0,
      -25.0,
      -23.0,
      -21.0,
      -19.0,
      -17.0,
      -15.0,
      -13.0,
      -11.0,
      -9.0,
      -7.0,
      -5.0,
      -3.0,
      -1.0,
      1.0,
      3.0,
      5.0,
      7.0,
      9.0,
      11.0,
      13.0,
      15.0,
      17.0,
      19.0,
      21.0,
      23.0,
      25.0,
      27.0,
      29.0
    ],
    "truth": null,
    "gen": {
      "E_mean_z": [
        0.011712521102936468,
        0.025324075287503054,
        0.03213283161637267,
        0.03747202025411152,
        0.033873433220000804,
        0.037626085093653464,
        0.03887213599102137,
        0.039093923264682216,
        0.032757116753906045,
        0.027118783753433483,
        0.032409308742372064,
        0.038529148211590834,
        0.030216698502575235,
        0.032217328838072594,
        0.022040049799438008,
        0.023555898678033316,
        0.028939873085555914,
        0.05265470425985514,
        0.02698297009567341,
        0.0169623276072889,
        0.022455986809331186,
        0.03742993720187279,
        0.03081375237467766,
        0.02449802107890892,
        0.026346373427969638,
        0.031472608650281994,
        0.009996163461816346,
        0.010527728645683965,
        0.022130404168921005,
        0.016107268929111095
      ],
      "E_std_z": [
        2.9214607412758276,
        3.280781297662827,
        3.0147364864629425,
        2.432593881993652,
        2.148159164170583,
        1.6209910426274636,
        1.4852338310065565,
        1.4952921991098735,
        1.3147010343697823,
        1.394698115945216,
        1.3439295759085734,
        1.2564600897444138,
        1.248291377121244,
        1.3013214296155193,
        1.3754509053532278,
        1.4312037685387657,
        1.091982120431473,
        1.3169424652256645,
        1.2957803152146539,
        1.1951415558507823,
        1.3193251305278706,
        1.260739175763834,
        1.2099791638650523,
        0.99397135778832,
        1.196798609166655,
        1.0640071227173842,
        1.3788395852072144,
        1.262769523991831,
        1.1047801184747417,
        1.2501396832508889
      ],
      "N_hits_z": [
        11355,
        5162,
        3049,
        2309,
        1274,
        1126,
        940,
        693,
        632,
        484,
        484,
        577,
        391,
        269,
        129,
        128,
        115,
        93,
        80,
        50,
        68,
        65,
        38,
        21,
        32,
        28,
        12,
        12,
        9,
        11
      ]
    }
  },
  "1eV": {
    "z_centers": [
      -29.0,
      -27.0,
      -25.0,
      -23.0,
      -21.0,
      -19.0,
      -17.0,
      -15.0,
      -13.0,
      -11.0,
      -9.0,
      -7.0,
      -5.0,
      -3.0,
      -1.0,
      1.0,
      3.0,
      5.0,
      7.0,
      9.0,
      11.0,
      13.0,
      15.0,
      17.0,
      19.0,
      21.0,
      23.0,
      25.0,
      27.0,
      29.0
    ],
    "truth": null,
    "gen": {
      "E_mean_z": [
        0.014179160700883636,
        0.021811596162183762,
        0.026597755012163434,
        0.031001646840621063,
        0.033797147390808184,
        0.035090718883913775,
        0.035049682585127216,
        0.033109630874113,
        0.03415889983720086,
        0.030926102867844713,
        0.032345788750436255,
        0.0281581134266308,
        0.029368969192954408,
        0.02422562388392691,
        0.02173567988042953,
        0.027796060209153057,
        0.02878848629289747,
        0.02754801997932679,
        0.025384073099160683,
        0.020706147028965914,
        0.022777321123111954,
        0.010263135041896021,
        0.016099881135451143,
        0.008072693822958337,
        0.010689396855509998,
        0.025892911211380685,
        0.02576405860410254,
        0.010212741658452776,
        0.010203394733025561,
        0.05087476610034563
      ],
      "E_std_z": [
        3.0378420095290766,
        3.2598095481743523,
        3.1194904098272644,
        2.7973118364276215,
        2.4442624635995425,
        1.978326416883049,
        1.8528611536002881,
        1.4339557678147576,
        1.3593308069850165,
        1.2936947453758831,
        1.2337777037400084,
        1.2334135135161985,
        1.2955763018502449,
        1.2706338868678835,
        1.266831408359455,
        1.3718472894459712,
        1.1958282267554017,
        1.3051285062536295,
        1.318855093682155,
        1.4215472255375199,
        1.4042779599411552,
        1.3261612508651897,
        1.2444311835020216,
        1.2509439128631972,
        1.2654432736920105,
        1.3203224380206335,
        0.9719807598280591,
        1.185155645166931,
        1.3690396575539983,
        1.066644126487533
      ],
      "N_hits_z": [
        15807,
        13143,
        7975,
        5375,
        3274,
        2367,
        1674,
        1373,
        1241,
        871,
        663,
        560,
        466,
        356,
        285,
        344,
        316,
        203,
        153,
        120,
        99,
        53,
        50,
        33,
        22,
        26,
        23,
        17,
        8,
        28
      ]
    }
  },
  "1keV": {
    "z_centers": [
      -29.0,
      -27.0,
      -25.0,
      -23.0,
      -21.0,
      -19.0,
      -17.0,
      -15.0,
      -13.0,
      -11.0,
      -9.0,
      -7.0,
      -5.0,
      -3.0,
      -1.0,
      1.0,
      3.0,
      5.0,
      7.0,
      9.0,
      11.0,
      13.0,
      15.0,
      17.0,
      19.0,
      21.0,
      23.0,
      25.0,
      27.0,
      29.0
    ],
    "truth": null,
    "gen": {
      "E_mean_z": [
        0.0062202135230205674,
        0.014242571050487568,
        0.023211309951714172,
        0.027804248084851373,
        0.03252957168911921,
        0.03441114540966886,
        0.03564010713239757,
        0.036607009475847024,
        0.034540293555529664,
        0.029626173842181237,
        0.031289028684401726,
        0.03140708935602663,
        0.028138575165892896,
        0.02708984161974315,
        0.024681329916343246,
        0.02287019029743826,
        0.02585236917092848,
        0.023184911967551184,
        0.024995230564370086,
        0.016631514862627626,
        0.020115513738379984,
        0.020493904541618663,
        0.025375261998907144,
        0.017937181679167434,
        0.02282121601843185,
        0.015475226751036365,
        0.02140831093876497,
        0.02352102257069227,
        0.020393822313878426,
        0.02971909124510906
      ],
      "E_std_z": [
        1.9497268606131979,
        2.7602657836520694,
        3.111779387878216,
        2.9675143909223762,
        2.561448181761614,
        2.140679970693096,
        1.675027424253545,
        1.5702571170920132,
        1.4099823523606592,
        1.3300296566867582,
        1.3079296369905546,
        1.274475682790995,
        1.2747760154907002,
        1.2814940076082488,
        1.4013156153333606,
        1.3445272607856191,
        1.265464326964499,
        1.3550053707408198,
        1.2267265571422432,
        1.242181695304101,
        1.2676173043045855,
        1.3174155786565966,
        1.3228225858459006,
        1.2560347668940515,
        1.366013821758363,
        1.1552650508898714,
        1.335955493890754,
        1.3171062179171256,
        1.170147426044585,
        1.1950982897556943
      ],
      "N_hits_z": [
        37138,
        21371,
        11860,
        6731,
        4426,
        3344,
        2318,
        1833,
        1617,
        1273,
        963,
        890,
        705,
        533,
        404,
        298,
        315,
        289,
        212,
        173,
        150,
        146,
        115,
        109,
        67,
        49,
        37,
        38,
        43,
        15
      ]
    }
  },