{
  "0.025eV": {
    "spearman_truth": 0.40502888064318315,
    "spearman_gen": null,
    "mi_truth": 0.26548216707579725,
    "mi_gen": null,
    "map_pearson_Etotal": null
  },
  "1eV": {
    "spearman_truth": 0.32897988557897456,
    "spearman_gen": null,
    "mi_truth": 0.2134431966225806,
    "mi_gen": null,
    "map_pearson_Etotal": null
  },
  "1keV": {
    "spearman_truth": 0.28896587397232715,
    "spearman_gen": null,
    "mi_truth": 0.3719843761129643,
    "mi_gen": null,
    "map_pearson_Etotal": null
  },
  "100keV": {
    "spearman_truth": 0.08600829858175457,
    "spearman_gen": null,
    "mi_truth": 0.17678800484042265,
    "mi_gen": null,
    "map_pearson_Etotal": null
  },
  "1MeV": {
    "spearman_truth": 0.016752196412754553,
    "spearman_gen": null,
    "mi_truth": 0.08798363065025856,
    "mi_gen": null,
    "map_pearson_Etotal": null
  },
  "5MeV": {
    "spearman_truth": -0.031751897968764646,
    "spearman_gen": null,
    "mi_truth": 0.025781053788337595,
    "mi_gen": null,
    "map_pearson_Etotal": null
  },
  "14.1MeV": {
    "spearman_truth": -0.08791173916377043,
    "spearman_gen": null,
    "mi_truth": 0.017456249656969,
    "mi_gen": null,
    "map_pearson_Etotal": null
  }
}