{
  "0.025eV": {
    "spearman_truth": 0.40502888064318315,
    "spearman_gen": 0.4264930853318563,
    "mi_truth": 0.26548216707579725,
    "mi_gen": 0.32449141795163394,
    "map_pearson_Etotal": 0.9099430916390403,
    "pearson_emean_z": 0.19705833914024584,
    "pearson_estd_z": 0.8930471461132637,
    "estd_ratio_mean": 0.4046129661786614
  },
  "1eV": {
    "spearman_truth": 0.32897988557897456,
    "spearman_gen": 0.27810446257385907,
    "mi_truth": 0.2134431966225806,
    "mi_gen": 0.18687296972875223,
    "map_pearson_Etotal": 0.9426114217125693,
    "pearson_emean_z": 0.2467083598358515,
    "pearson_estd_z": 0.8718120416278365,
    "estd_ratio_mean": 0.4212455394591987
  },
  "1keV": {
    "spearman_truth": 0.28896587397232715,
    "spearman_gen": 0.5000155676017534,
    "mi_truth": 0.3719843761129643,
    "mi_gen": 0.42788926714795406,
    "map_pearson_Etotal": 0.935113259466474,
    "pearson_emean_z": 0.4368672857706886,
    "pearson_estd_z": 0.7648089821355053,
    "estd_ratio_mean": 0.4349247717671547
  },
  "100keV": {
    "spearman_truth": 0.08600829858175457,
    "spearman_gen": 0.336678577724506,
    "mi_truth": 0.17678800484042265,
    "mi_gen": 0.18042531554112617,
    "map_pearson_Etotal": 0.9736508490026856,
    "pearson_emean_z": 0.34866503357014794,
    "pearson_estd_z": 0.737438761049391,
    "estd_ratio_mean": 0.41319738351536517
  },
  "1MeV": {
    "spearman_truth": 0.016752196412754553,
    "spearman_gen": -0.020448884098298314,
    "mi_truth": 0.08798363065025856,
    "mi_gen": 0.0870330080233871,
    "map_pearson_Etotal": 0.9873360722624679,
    "pearson_emean_z": 0.7607139299931126,
    "pearson_estd_z": 0.8266741804225922,
    "estd_ratio_mean": 0.36393498017246045
  },
  "5MeV": {
    "spearman_truth": -0.031751897968764646,
    "spearman_gen": -0.12823625108393685,
    "mi_truth": 0.025781053788337595,
    "mi_gen": 0.029494987398414736,
    "map_pearson_Etotal": 0.9726169621818431,
    "pearson_emean_z": 0.8917145271972751,
    "pearson_estd_z": 0.156017033812553,
    "estd_ratio_mean": 0.34238931173531933
  },
  "14.1MeV": {
    "spearman_truth": -0.08791173916377043,
    "spearman_gen": -0.1408926329745109,
    "mi_truth": 0.017456249656969,
    "mi_gen": 0.02388510707944146,
    "map_pearson_Etotal": 0.9796371785095787,
    "pearson_emean_z": 0.9395051776841139,
    "pearson_estd_z": 0.6547054419046328,
    "estd_ratio_mean": 0.36345181292019674
  }
}