{
  "0.025eV": {
    "spearman_truth": 0.40502888064318315,
    "spearman_gen": 0.46951311837313786,
    "mi_truth": 0.26548216707579725,
    "mi_gen": 0.3065219615993438,
    "map_pearson_Etotal": 0.8835635754915764,
    "pearson_emean_z": 0.1928544448497749,
    "pearson_estd_z": 0.9461071145481605,
    "estd_ratio_mean": 0.9699291027198169
  },
  "1eV": {
    "spearman_truth": 0.32897988557897456,
    "spearman_gen": 0.3429100896909178,
    "mi_truth": 0.2134431966225806,
    "mi_gen": 0.20885513180309434,
    "map_pearson_Etotal": 0.9294027364208467,
    "pearson_emean_z": 0.5805562490739828,
    "pearson_estd_z": 0.9677604023149602,
    "estd_ratio_mean": 0.9967720425514904
  },
  "1keV": {
    "spearman_truth": 0.28896587397232715,
    "spearman_gen": 0.2894598496448896,
    "mi_truth": 0.3719843761129643,
    "mi_gen": 0.35769202751140716,
    "map_pearson_Etotal": 0.9305684112547679,
    "pearson_emean_z": 0.6507921183854318,
    "pearson_estd_z": 0.969818330374145,
    "estd_ratio_mean": 1.0104053561793183
  },
  "100keV": {
    "spearman_truth": 0.08600829858175457,
    "spearman_gen": 0.09221664304325759,
    "mi_truth": 0.17678800484042265,
    "mi_gen": 0.16745204994127733,
    "map_pearson_Etotal": 0.985071014357975,
    "pearson_emean_z": 0.5649547579912453,
    "pearson_estd_z": 0.9674565017694247,
    "estd_ratio_mean": 1.0029659813380356
  },
  "1MeV": {
    "spearman_truth": 0.016752196412754553,
    "spearman_gen": 0.017950855239027914,
    "mi_truth": 0.08798363065025856,
    "mi_gen": 0.09545813784233634,
    "map_pearson_Etotal": 0.9984353506205227,
    "pearson_emean_z": 0.834220630512628,
    "pearson_estd_z": 0.981397032347449,
    "estd_ratio_mean": 0.9599149033188991
  },
  "5MeV": {
    "spearman_truth": -0.031751897968764646,
    "spearman_gen": -0.024116681181527596,
    "mi_truth": 0.025781053788337595,
    "mi_gen": 0.02866262147488987,
    "map_pearson_Etotal": 0.9977126919165681,
    "pearson_emean_z": 0.9866266919551232,
    "pearson_estd_z": 0.7774210881135319,
    "estd_ratio_mean": 0.95288607344812
  },
  "14.1MeV": {
    "spearman_truth": -0.08791173916377043,
    "spearman_gen": -0.09113961822357156,
    "mi_truth": 0.017456249656969,
    "mi_gen": 0.021518131828971346,
    "map_pearson_Etotal": 0.994985582194618,
    "pearson_emean_z": 0.9636108405010053,
    "pearson_estd_z": 0.9225426948702167,
    "estd_ratio_mean": 0.9867283273475365
  }
}