{
  "0.025eV": {
    "spearman_truth": 0.40502888064318315,
    "spearman_gen": 0.40617037391947675,
    "mi_truth": 0.26548216707579725,
    "mi_gen": 0.32542601434997076,
    "map_pearson_Etotal": 0.8991171624784163,
    "pearson_emean_z": 0.17773905893796468,
    "pearson_estd_z": 0.914190533045937,
    "estd_ratio_mean": 0.36704458535785744
  },
  "1eV": {
    "spearman_truth": 0.32897988557897456,
    "spearman_gen": 0.23936721858801727,
    "mi_truth": 0.2134431966225806,
    "mi_gen": 0.15535148553058342,
    "map_pearson_Etotal": 0.9452455411825288,
    "pearson_emean_z": 0.21822610216245755,
    "pearson_estd_z": 0.861999000765068,
    "estd_ratio_mean": 0.37933864860699373
  },
  "1keV": {
    "spearman_truth": 0.28896587397232715,
    "spearman_gen": 0.49248961956495535,
    "mi_truth": 0.3719843761129643,
    "mi_gen": 0.403889711435135,
    "map_pearson_Etotal": 0.9455813994415518,
    "pearson_emean_z": 0.529647186818402,
    "pearson_estd_z": 0.6988415506733145,
    "estd_ratio_mean": 0.3764553067510518
  },
  "100keV": {
    "spearman_truth": 0.08600829858175457,
    "spearman_gen": 0.3474129950645111,
    "mi_truth": 0.17678800484042265,
    "mi_gen": 0.1885497282553506,
    "map_pearson_Etotal": 0.9738219860023516,
    "pearson_emean_z": 0.2962568870924192,
    "pearson_estd_z": 0.6346804960554342,
    "estd_ratio_mean": 0.342006141417422
  },
  "1MeV": {
    "spearman_truth": 0.016752196412754553,
    "spearman_gen": -0.05605549851002782,
    "mi_truth": 0.08798363065025856,
    "mi_gen": 0.07991960275373015,
    "map_pearson_Etotal": 0.98442756753717,
    "pearson_emean_z": 0.7991070624200064,
    "pearson_estd_z": 0.7592364232755516,
    "estd_ratio_mean": 0.2919774207514958
  },
  "5MeV": {
    "spearman_truth": -0.031751897968764646,
    "spearman_gen": -0.1576532211358311,
    "mi_truth": 0.025781053788337595,
    "mi_gen": 0.03408115339483515,
    "map_pearson_Etotal": 0.9714387389021154,
    "pearson_emean_z": 0.8922934988324284,
    "pearson_estd_z": 0.19815048841527202,
    "estd_ratio_mean": 0.2530368757393735
  },
  "14.1MeV": {
    "spearman_truth": -0.08791173916377043,
    "spearman_gen": -0.14262342282014256,
    "mi_truth": 0.017456249656969,
    "mi_gen": 0.023579461794933206,
    "map_pearson_Etotal": 0.9803951971730728,
    "pearson_emean_z": 0.9525834862099427,
    "pearson_estd_z": 0.6882167598606475,
    "estd_ratio_mean": 0.31226554439367943
  }
}