{
  "0.025eV": {
    "spearman_truth": 0.40502888064318315,
    "spearman_gen": 0.4680819992501876,
    "mi_truth": 0.26548216707579725,
    "mi_gen": 0.3061479705690333,
    "map_pearson_Etotal": 0.9183353897697718
  },
  "1eV": {
    "spearman_truth": 0.32897988557897456,
    "spearman_gen": 0.34164337596949285,
    "mi_truth": 0.2134431966225806,
    "mi_gen": 0.2024626278144913,
    "map_pearson_Etotal": 0.9617580293184936
  },
  "1keV": {
    "spearman_truth": 0.28896587397232715,
    "spearman_gen": 0.28641371370077995,
    "mi_truth": 0.3719843761129643,
    "mi_gen": 0.35411111952008134,
    "map_pearson_Etotal": 0.9677422570579572
  },
  "100keV": {
    "spearman_truth": 0.08600829858175457,
    "spearman_gen": 0.08829311050745482,
    "mi_truth": 0.17678800484042265,
    "mi_gen": 0.15913923065320792,
    "map_pearson_Etotal": 0.9890287479528851
  },
  "1MeV": {
    "spearman_truth": 0.016752196412754553,
    "spearman_gen": 0.02249858840353077,
    "mi_truth": 0.08798363065025856,
    "mi_gen": 0.09414268436802695,
    "map_pearson_Etotal": 0.9994706323595176
  },
  "5MeV": {
    "spearman_truth": -0.031751897968764646,
    "spearman_gen": -0.021989930599977954,
    "mi_truth": 0.025781053788337595,
    "mi_gen": 0.031106957609782472,
    "map_pearson_Etotal": 0.9974524264835625
  },
  "14.1MeV": {
    "spearman_truth": -0.08791173916377043,
    "spearman_gen": -0.09595688979828627,
    "mi_truth": 0.017456249656969,
    "mi_gen": 0.024443808537514825,
    "map_pearson_Etotal": 0.9976201288990088
  }
}