{
  "0.025eV": {
    "spearman_truth": 0.40502888064318315,
    "spearman_gen": 0.46951311837313786,
    "mi_truth": 0.26548216707579725,
    "mi_gen": 0.3065219615993438,
    "map_pearson_Etotal": 0.9360205400392474
  },
  "1eV": {
    "spearman_truth": 0.32897988557897456,
    "spearman_gen": 0.3429100896909178,
    "mi_truth": 0.2134431966225806,
    "mi_gen": 0.20885513180309434,
    "map_pearson_Etotal": 0.962146299576176
  },
  "1keV": {
    "spearman_truth": 0.28896587397232715,
    "spearman_gen": 0.2894598496448896,
    "mi_truth": 0.3719843761129643,
    "mi_gen": 0.35769202751140716,
    "map_pearson_Etotal": 0.9680036128189528
  },
  "100keV": {
    "spearman_truth": 0.08600829858175457,
    "spearman_gen": 0.09221664304325759,
    "mi_truth": 0.17678800484042265,
    "mi_gen": 0.16745204994127733,
    "map_pearson_Etotal": 0.9895415689034701
  },
  "1MeV": {
    "spearman_truth": 0.016752196412754553,
    "spearman_gen": 0.017950855239027914,
    "mi_truth": 0.08798363065025856,
    "mi_gen": 0.09545813784233634,
    "map_pearson_Etotal": 0.9992001043897755
  },
  "5MeV": {
    "spearman_truth": -0.031751897968764646,
    "spearman_gen": -0.024116681181527596,
    "mi_truth": 0.025781053788337595,
    "mi_gen": 0.02866262147488987,
    "map_pearson_Etotal": 0.9986511332029497
  },
  "14.1MeV": {
    "spearman_truth": -0.08791173916377043,
    "spearman_gen": -0.09113961822357156,
    "mi_truth": 0.017456249656969,
    "mi_gen": 0.021518131828971346,
    "map_pearson_Etotal": 0.996968365872781
  }
}